name,date
MH607892_WAR_2014-08-26,2014-08-26
MH607893_WAU_2014-08-26,2014-08-26
MH607894_Tonkolili_2014-08-26,2014-08-26
MH607895_WAU_2014-08-26,2014-08-26
KR653251_Kenema_2014-08-22,2014-08-22
KR653252_PortLoko_2014-08-20,2014-08-20
KR653267_Tonkolili_2014-08-23,2014-08-23
KR653239_WesternRural_2014-08-22,2014-08-22
KR653241_Pujehun_2014-08-24,2014-08-24
KR653227_Bombali_2014-08-26,2014-08-26
KR817227_Kailahun_2014-06-13,2014-06-13
KR817228_Kailahun_2014-06-14,2014-06-14
KR817229_Kailahun_2014-06-15,2014-06-15
KR817236_Kailahun_2014-06-24,2014-06-24
KR817238_Kailahun_2014-06-26,2014-06-26
KR817244_Kailahun_2014-07-12,2014-07-12
KP184503_Kenema_2014-08-25,2014-08-25
KM034550_Kailahun_2014-05-25,2014-05-25
KM034551_Kailahun_2014-05-26,2014-05-26
KM034552_Kailahun_2014-05-26,2014-05-26
KM233035_Kailahun_2014-06-02,2014-06-02
KM233036_Kailahun_2014-06-02,2014-06-02
KM233037_Kailahun_2014-06-03,2014-06-03
KM233038_Kailahun_2014-06-03,2014-06-03
KM233039_Kailahun_2014-06-03,2014-06-03
KM233040_Kailahun_2014-06-03,2014-06-03
KM233041_Kailahun_2014-06-03,2014-06-03
KM233042_Kailahun_2014-06-03,2014-06-03
KM233043_Kailahun_2014-06-03,2014-06-03
KM233044_Kailahun_2014-06-04,2014-06-04
KM233045_Kailahun_2014-06-04,2014-06-04
KM034553_Kailahun_2014-05-27,2014-05-27
KM034554_Kailahun_2014-05-27,2014-05-27
KM034556_Kailahun_2014-05-26,2014-05-26
KM034558_Kailahun_2014-05-28,2014-05-28
KM034559_Kailahun_2014-05-28,2014-05-28
KM034560_Kailahun_2014-05-28,2014-05-28
KM034561_Kailahun_2014-05-28,2014-05-28
KM034562_Kailahun_2014-05-28,2014-05-28
KM034563_Kailahun_2014-05-28,2014-05-28
KM233049_Kailahun_2014-05-31,2014-05-31
KM233050_Kailahun_2014-06-09,2014-06-09
KM233053_Kailahun_2014-06-05,2014-06-05
KM233054_Kailahun_2014-06-07,2014-06-07
KM233055_Kailahun_2014-06-07,2014-06-07
KM233056_Kailahun_2014-06-07,2014-06-07
KM233058_Kailahun_2014-06-10,2014-06-10
KM233061_Kailahun_2014-06-10,2014-06-10
KM233062_Kailahun_2014-06-11,2014-06-11
KM233063_Unk_2014-06-12,2014-06-12
KM233064_Kailahun_2014-06-14,2014-06-14
KM233065_Kailahun_2014-06-12,2014-06-12
KM233069_Kailahun_2014-06-12,2014-06-12
KM233071_Kailahun_2014-06-12,2014-06-12
KM233072_Kailahun_2014-06-14,2014-06-14
KM233073_Kailahun_2014-06-14,2014-06-14
KM233074_Kailahun_2014-06-14,2014-06-14
KM233075_Kailahun_2014-06-14,2014-06-14
KM233076_Kailahun_2014-06-14,2014-06-14
KM233077_Kailahun_2014-06-15,2014-06-15
KM233078_Kailahun_2014-06-15,2014-06-15
KM233079_Kailahun_2014-06-15,2014-06-15
KM233080_Kailahun_2014-06-15,2014-06-15
KM233081_Kailahun_2014-06-15,2014-06-15
KM233082_Kailahun_2014-06-15,2014-06-15
KM233084_Kailahun_2014-06-15,2014-06-15
KM233085_Kailahun_2014-06-15,2014-06-15
KM233086_Kailahun_2014-06-15,2014-06-15
KM233087_Kailahun_2014-06-15,2014-06-15
KM233089_Kailahun_2014-06-15,2014-06-15
KM233090_Kailahun_2014-06-15,2014-06-15
KM233091_Kailahun_2014-06-15,2014-06-15
KM233092_Kailahun_2014-06-15,2014-06-15
KM233093_Kailahun_2014-06-15,2014-06-15
KM233094_Kailahun_2014-06-15,2014-06-15
KM233095_Kailahun_2014-06-15,2014-06-15
KM233096_Kailahun_2014-06-15,2014-06-15
KM233097_Kailahun_2014-06-15,2014-06-15
KM233098_Kailahun_2014-06-16,2014-06-16
KM233100_Kailahun_2014-06-16,2014-06-16
KM233101_Kailahun_2014-06-16,2014-06-16
KM233102_Kailahun_2014-06-16,2014-06-16
KM233103_Kailahun_2014-06-16,2014-06-16
KM233104_Kailahun_2014-06-17,2014-06-17
KM233105_Kailahun_2014-06-17,2014-06-17
KM233106_Kailahun_2014-06-17,2014-06-17
KM233107_Bo_2014-06-17,2014-06-17
KM233108_Kailahun_2014-06-18,2014-06-18
KM233109_Kailahun_2014-06-18,2014-06-18
KM233110_Kailahun_2014-06-18,2014-06-18
KM233111_Kailahun_2014-06-18,2014-06-18
KM233112_Kenema_2014-06-18,2014-06-18
KM233113_Kenema_2014-06-18,2014-06-18
KM233115_Kailahun_2014-06-18,2014-06-18
KM233116_Kambia_2014-06-04,2014-06-04
KR105200_Kailahun_2014-06-16,2014-06-16
KR105201_Kenema_2014-06-19,2014-06-19
KR105202_Kenema_2014-06-18,2014-06-18
KR105203_Kenema_2014-06-17,2014-06-17
KR105204_Kenema_2014-06-19,2014-06-19
KR105205_Kenema_2014-06-19,2014-06-19
KR105206_Kenema_2014-06-21,2014-06-21
KR105207_Kenema_2014-06-21,2014-06-21
KR105208_Kailahun_2014-06-22,2014-06-22
KR105209_Unk_2014-06-24,2014-06-24
KR105210_Unk_2014-06-24,2014-06-24
KR105211_Kailahun_2014-06-25,2014-06-25
KR105212_Unk_2014-06-24,2014-06-24
KR105213_Kenema_2014-07-05,2014-07-05
KR105214_Kailahun_2014-07-04,2014-07-04
KR105215_Kenema_2014-07-06,2014-07-06
KR105216_Kailahun_2014-07-07,2014-07-07
KR105217_Kenema_2014-07-08,2014-07-08
KR105218_Bo_2014-07-08,2014-07-08
KR105219_Unk_2014-07-09,2014-07-09
KR105220_Kailahun_2014-07-11,2014-07-11
KR105221_Kailahun_2014-07-10,2014-07-10
KR105222_Kailahun_2014-07-11,2014-07-11
KR105223_Kailahun_2014-07-11,2014-07-11
KR105224_Kailahun_2014-07-11,2014-07-11
KR105225_Kailahun_2014-07-11,2014-07-11
KR105226_Kailahun_2014-07-11,2014-07-11
KR105227_Kenema_2014-07-11,2014-07-11
KR105228_Kenema_2014-07-11,2014-07-11
KR105229_Kailahun_2014-07-12,2014-07-12
KR105230_PortLoko_2014-07-12,2014-07-12
KR105231_Kenema_2014-07-13,2014-07-13
KR105232_Kenema_2014-07-14,2014-07-14
KR105233_Kenema_2014-07-14,2014-07-14
KR105234_Kenema_2014-07-14,2014-07-14
KR105235_Kailahun_2014-07-14,2014-07-14
KR105236_Kailahun_2014-07-13,2014-07-13
KR105237_Kenema_2014-07-14,2014-07-14
KR105238_Kailahun_2014-07-14,2014-07-14
KR105239_Kenema_2014-07-18,2014-07-18
KR105240_Kenema_2014-07-15,2014-07-15
KR105241_Kenema_2014-07-09,2014-07-09
KR105242_Kenema_2014-07-14,2014-07-14
KR105243_Kenema_2014-07-15,2014-07-15
KR105244_Kenema_2014-07-16,2014-07-16
KR105245_Kenema_2014-07-16,2014-07-16
KR105246_Kono_2014-07-18,2014-07-18
KR105247_Kenema_2014-07-18,2014-07-18
KR105248_Bo_2014-07-18,2014-07-18
KR105249_Kenema_2014-07-19,2014-07-19
KR105250_Kenema_2014-07-19,2014-07-19
KR105251_Kailahun_2014-07-19,2014-07-19
KR105252_Kailahun_2014-07-19,2014-07-19
KR105253_Bo_2014-07-20,2014-07-20
KR105254_Kailahun_2014-07-20,2014-07-20
KR105255_Kenema_2014-07-20,2014-07-20
KR105256_Kenema_2014-07-21,2014-07-21
KR105257_Kenema_2014-07-21,2014-07-21
KR105258_Kailahun_2014-07-21,2014-07-21
KR105259_Kenema_2014-08-05,2014-08-05
KR105260_Bo_2014-07-22,2014-07-22
KR105261_Kenema_2014-07-26,2014-07-26
KR105262_Unk_2014-08-01,2014-08-01
KR105263_Kenema_2014-08-03,2014-08-03
KR105264_Kenema_2014-08-03,2014-08-03
KR105265_Kenema_2014-08-03,2014-08-03
KR105266_Kenema_2014-08-04,2014-08-04
KR105267_Moyamba_2014-08-04,2014-08-04
KR105268_Kenema_2014-08-05,2014-08-05
KR105269_Kenema_2014-08-05,2014-08-05
KR105270_Unk_2014-08-05,2014-08-05
KR105271_Unk_2014-08-05,2014-08-05
KR105272_Kenema_2014-08-09,2014-08-09
KR105273_Kenema_2014-08-10,2014-08-10
KR105274_Unk_2014-08-10,2014-08-10
KR105275_Unk_2014-08-10,2014-08-10
KR105276_Kenema_2014-08-11,2014-08-11
KR105277_Kenema_2014-08-12,2014-08-12
KR105278_Kenema_2014-08-13,2014-08-13
KR105279_Moyamba_2014-08-12,2014-08-12
KR105280_Kenema_2014-08-13,2014-08-13
KR105281_Unk_2014-08-13,2014-08-13
KR105282_Tonkolili_2014-08-13,2014-08-13
KR105283_Kenema_2014-08-14,2014-08-14
KR105284_Kenema_2014-08-14,2014-08-14
KR105285_Kenema_2014-08-14,2014-08-14
KR105287_Unk_2014-08-14,2014-08-14
KR105288_Unk_2014-08-14,2014-08-14
KR105289_Unk_2014-08-15,2014-08-15
KR105290_Unk_2014-08-15,2014-08-15
KR105292_WesternArea_2014-08-15,2014-08-15
KR105293_Kenema_2014-08-16,2014-08-16
KR105294_Kenema_2014-08-16,2014-08-16
KR105295_Kenema_2014-08-17,2014-08-17
KR105297_Moyamba_2014-08-17,2014-08-17
KR105298_Kenema_2014-08-19,2014-08-19
KR105299_Pujehun_2014-08-18,2014-08-18
KR105300_Kenema_2014-08-24,2014-08-24
KR105301_Unk_2014-08-22,2014-08-22
KR105302_Unk_2014-08-25,2014-08-25
KR105303_Unk_2014-08-25,2014-08-25